Delta,Time,CPU_FREQUENCY_0,CPU_FREQUENCY_1,CPU_FREQUENCY_2,CPU_FREQUENCY_3,CPU_FREQUENCY_4,CPU_FREQUENCY_5,CPU_FREQUENCY_6,CPU_FREQUENCY_7,CPU_USAGE_0,CPU_USAGE_1,CPU_USAGE_2,CPU_USAGE_3,CPU_USAGE_4,CPU_USAGE_5,CPU_USAGE_6,CPU_USAGE_7,DRAM_ENERGY (J),PACKAGE_ENERGY (J),PP0_ENERGY (J),PP1_ENERGY (J),TOTAL_MEMORY,TOTAL_SWAP,USED_MEMORY,USED_SWAP
0,1727192379874,2301,2401,2401,2400,2400,2399,2399,2112,25,19.148937225341797,19.148937225341797,18.75,16.666667938232422,22.916667938232422,17.021276473999023,15.217391014099121,1637.400146484375,11871.663024902344,6194.80126953125,196.15985107421875,16650326016,2147479552,4125429760,20140032
1000,1727192379874,2301,2401,2401,2400,2400,2399,2399,2112,25,19.148937225341797,19.148937225341797,18.75,16.666667938232422,22.916667938232422,17.021276473999023,15.217391014099121,1637.40087890625,11871.665649414063,6194.802734375,196.15985107421875,16650326016,2147479552,4125429760,20140032
0,1727192380874,2301,2401,2401,2400,2400,2399,2399,2112,17,52.999996185302734,17.8217830657959,19,17,56.56565475463867,17.8217830657959,18.81188201904297,1637.9940185546875,11883.54443359375,6205.2020263671875,196.1649169921875,16650326016,2147479552,4155244544,20140032
