Delta,Time,CPU_FREQUENCY_0,CPU_FREQUENCY_1,CPU_FREQUENCY_2,CPU_FREQUENCY_3,CPU_FREQUENCY_4,CPU_FREQUENCY_5,CPU_FREQUENCY_6,CPU_FREQUENCY_7,CPU_USAGE_0,CPU_USAGE_1,CPU_USAGE_2,CPU_USAGE_3,CPU_USAGE_4,CPU_USAGE_5,CPU_USAGE_6,CPU_USAGE_7,DRAM_ENERGY (J),PACKAGE_ENERGY (J),PP0_ENERGY (J),PP1_ENERGY (J),TOTAL_MEMORY,TOTAL_SWAP,USED_MEMORY,USED_SWAP
0,1727192295594,2400,2400,2400,2402,2300,2398,400,2400,23.255815505981445,18.604650497436523,16.666667938232422,20.930233001708984,16.279069900512695,16.279069900512695,25,23.255815505981445,1609.4339599609375,11700.499389648438,6136.3995361328125,195.92327880859375,16650326016,2147479552,4147507200,20140032
999,1727192295594,2400,2400,2400,2402,2300,2398,400,2400,23.255815505981445,18.604650497436523,16.666667938232422,20.930233001708984,16.279069900512695,16.279069900512695,25,23.255815505981445,1609.434814453125,11700.501953125,6136.400695800781,195.92327880859375,16650326016,2147479552,4147507200,20140032
0,1727192296594,2400,2400,2400,2402,2300,2398,400,2400,19,17,17.8217830657959,18,18.627450942993164,94.05941009521484,27.000001907348633,21.782176971435547,1610.05126953125,11712.807495117188,6147.2313232421875,195.92828369140625,16650326016,2147479552,4162396160,20140032
