Delta,Time,CPU_FREQUENCY_0,CPU_FREQUENCY_1,CPU_FREQUENCY_10,CPU_FREQUENCY_11,CPU_FREQUENCY_12,CPU_FREQUENCY_13,CPU_FREQUENCY_14,CPU_FREQUENCY_15,CPU_FREQUENCY_2,CPU_FREQUENCY_3,CPU_FREQUENCY_4,CPU_FREQUENCY_5,CPU_FREQUENCY_6,CPU_FREQUENCY_7,CPU_FREQUENCY_8,CPU_FREQUENCY_9,CPU_TEMP_0,CPU_TEMP_1,CPU_TEMP_2,CPU_TEMP_3,CPU_TEMP_4,CPU_TEMP_5,CPU_TEMP_6,CPU_TEMP_7,CPU_USAGE_0,CPU_USAGE_1,CPU_USAGE_10,CPU_USAGE_11,CPU_USAGE_12,CPU_USAGE_13,CPU_USAGE_14,CPU_USAGE_15,CPU_USAGE_2,CPU_USAGE_3,CPU_USAGE_4,CPU_USAGE_5,CPU_USAGE_6,CPU_USAGE_7,CPU_USAGE_8,CPU_USAGE_9,SYSTEM_POWER (Watts),TOTAL_MEMORY,TOTAL_SWAP,USED_MEMORY,USED_SWAP
0,1727462375860,2400,2400,2400,2400,2400,2400,2400,2400,2400,2400,2400,2400,2400,2400,2400,2400,88,84,96,77,78,77,77,76,100,0,0,0,100,0,0,0,50,0,50,0,50,0,100,0,76.71348571777344,68719476736,2147483648,33487474688,470810624
1001,1727462375860,2400,2400,2400,2400,2400,2400,2400,2400,2400,2400,2400,2400,2400,2400,2400,2400,88,84,96,77,78,77,77,76,50,0,0,0,66.66667175292969,0,0,0,50,0,50,0,50,0,66.66667175292969,0,76.71348571777344,68719476736,2147483648,33489362944,470810624
13,1727462376862,2400,2400,2400,2400,2400,2400,2400,2400,2400,2400,2400,2400,2400,2400,2400,2400,85,87,87,83,86,80,92,82,59.405941009521484,6,51,8,58.58585739135742,4,54.000003814697266,4.040403842926025,47.47474670410156,2,46.46464538574219,7,45.5445556640625,6.060606002807617,46.46464538574219,7.920792102813721,94.74150085449219,68719476736,2147483648,33485910016,470810624
