Delta,Time,CPU_FREQUENCY_0,CPU_FREQUENCY_1,CPU_FREQUENCY_10,CPU_FREQUENCY_11,CPU_FREQUENCY_12,CPU_FREQUENCY_13,CPU_FREQUENCY_14,CPU_FREQUENCY_15,CPU_FREQUENCY_2,CPU_FREQUENCY_3,CPU_FREQUENCY_4,CPU_FREQUENCY_5,CPU_FREQUENCY_6,CPU_FREQUENCY_7,CPU_FREQUENCY_8,CPU_FREQUENCY_9,CPU_TEMP_0,CPU_TEMP_1,CPU_TEMP_2,CPU_TEMP_3,CPU_TEMP_4,CPU_TEMP_5,CPU_TEMP_6,CPU_TEMP_7,CPU_USAGE_0,CPU_USAGE_1,CPU_USAGE_10,CPU_USAGE_11,CPU_USAGE_12,CPU_USAGE_13,CPU_USAGE_14,CPU_USAGE_15,CPU_USAGE_2,CPU_USAGE_3,CPU_USAGE_4,CPU_USAGE_5,CPU_USAGE_6,CPU_USAGE_7,CPU_USAGE_8,CPU_USAGE_9,SYSTEM_POWER (Watts),TOTAL_MEMORY,TOTAL_SWAP,USED_MEMORY,USED_SWAP
0,1727457668318,2400,2400,2400,2400,2400,2400,2400,2400,2400,2400,2400,2400,2400,2400,2400,2400,76,80,77,75,76,78,76,83,50,0,0,0,0,0,100,0,0,0,0,0,100,0,0,0,73.89159393310547,68719476736,2147483648,32086962176,470810624
204,1727457668319,2400,2400,2400,2400,2400,2400,2400,2400,2400,2400,2400,2400,2400,2400,2400,2400,76,80,77,75,76,78,76,83,NaN,0,0,0,0,0,100,0,NaN,0,100,0,66.66667175292969,0,66.66667175292969,0,73.89159393310547,68719476736,2147483648,32086962176,470810624
13,1727457668523,2400,2400,2400,2400,2400,2400,2400,2400,2400,2400,2400,2400,2400,2400,2400,2400,76,80,77,75,76,78,76,83,72.7272720336914,40,80.95238494873047,15.000000953674316,73.68421173095703,15.000000953674316,95.23809814453125,4.761904716491699,66.66667175292969,26.3157901763916,66.66667175292969,33.333335876464844,85,19.047618865966797,70,25,73.89159393310547,68719476736,2147483648,32086962176,470810624
