Delta,Time,CPU_FREQUENCY_0,CPU_FREQUENCY_1,CPU_FREQUENCY_2,CPU_FREQUENCY_3,CPU_FREQUENCY_4,CPU_FREQUENCY_5,CPU_FREQUENCY_6,CPU_FREQUENCY_7,CPU_USAGE_0,CPU_USAGE_1,CPU_USAGE_2,CPU_USAGE_3,CPU_USAGE_4,CPU_USAGE_5,CPU_USAGE_6,CPU_USAGE_7,DRAM_ENERGY (J),PACKAGE_ENERGY (J),PP0_ENERGY (J),PP1_ENERGY (J),TOTAL_MEMORY,TOTAL_SWAP,USED_MEMORY,USED_SWAP
0,1727192190339,2299,2300,2297,2300,2299,2300,2300,2299,21.276596069335938,16.666667938232422,21.276596069335938,25.53191566467285,17.39130401611328,19.148937225341797,19.565217971801758,17.021276473999023,1576.2431640625,11512.257202148438,6088.045654296875,195.65155029296875,16650326016,2147479552,4150456320,20140032
199,1727192190339,2299,2300,2297,2300,2299,2300,2300,2299,21.276596069335938,16.666667938232422,21.276596069335938,25.53191566467285,17.39130401611328,19.148937225341797,19.565217971801758,17.021276473999023,1576.2440185546875,11512.258666992188,6088.047180175781,195.65155029296875,16650326016,2147479552,4150456320,20140032
200,1727192190539,2299,2300,2297,2300,2299,2300,2300,2299,95.45454406738281,65,66.66667175292969,70,70,73.68421173095703,66.66667175292969,70,1576.3148803710938,11515.832885742188,6091.345520019531,195.65155029296875,16650326016,2147479552,4166959104,20140032
1,1727192190740,2299,2300,2297,2300,2299,2300,2300,2299,38.88888931274414,15.000000953674316,10.526315689086914,10,10,14.285715103149414,15.000000953674316,10.526315689086914,1576.4111938476563,11517.167846679688,6092.390808105469,195.65374755859375,16650326016,2147479552,4175704064,20140032
