Delta,Time,CPU_FREQUENCY_0,CPU_FREQUENCY_1,CPU_FREQUENCY_10,CPU_FREQUENCY_11,CPU_FREQUENCY_12,CPU_FREQUENCY_13,CPU_FREQUENCY_14,CPU_FREQUENCY_15,CPU_FREQUENCY_2,CPU_FREQUENCY_3,CPU_FREQUENCY_4,CPU_FREQUENCY_5,CPU_FREQUENCY_6,CPU_FREQUENCY_7,CPU_FREQUENCY_8,CPU_FREQUENCY_9,CPU_TEMP_0,CPU_TEMP_1,CPU_TEMP_2,CPU_TEMP_3,CPU_TEMP_4,CPU_TEMP_5,CPU_TEMP_6,CPU_TEMP_7,CPU_USAGE_0,CPU_USAGE_1,CPU_USAGE_10,CPU_USAGE_11,CPU_USAGE_12,CPU_USAGE_13,CPU_USAGE_14,CPU_USAGE_15,CPU_USAGE_2,CPU_USAGE_3,CPU_USAGE_4,CPU_USAGE_5,CPU_USAGE_6,CPU_USAGE_7,CPU_USAGE_8,CPU_USAGE_9,SYSTEM_POWER (Watts),TOTAL_MEMORY,TOTAL_SWAP,USED_MEMORY,USED_SWAP
0,1727461057944,2400,2400,2400,2400,2400,2400,2400,2400,2400,2400,2400,2400,2400,2400,2400,2400,74,74,75,85,74,80,76,73,0,0,0,0,0,0,0,0,0,0,50,0,100,0,0,0,72.9153823852539,68719476736,2147483648,33475059712,470810624
1000,1727461057945,2400,2400,2400,2400,2400,2400,2400,2400,2400,2400,2400,2400,2400,2400,2400,2400,74,74,75,85,74,80,76,73,100,0,50,0,0,0,100,0,66.66667175292969,0,100,0,0,0,100,0,72.9153823852539,68719476736,2147483648,33475059712,470810624
12,1727461058946,2400,2400,2400,2400,2400,2400,2400,2400,2400,2400,2400,2400,2400,2400,2400,2400,86,83,86,92,84,83,93,85,47,7.070706844329834,36.3636360168457,3,34.34343338012695,1.0204081535339355,26,1,39.39393997192383,4.040403842926025,47,5,39.60396194458008,5,33.66336441040039,3.0303030014038086,80.00804901123047,68719476736,2147483648,33473798144,470810624
