Delta,Time,CPU_FREQUENCY_0,CPU_FREQUENCY_1,CPU_FREQUENCY_2,CPU_FREQUENCY_3,CPU_FREQUENCY_4,CPU_FREQUENCY_5,CPU_FREQUENCY_6,CPU_FREQUENCY_7,CPU_USAGE_0,CPU_USAGE_1,CPU_USAGE_2,CPU_USAGE_3,CPU_USAGE_4,CPU_USAGE_5,CPU_USAGE_6,CPU_USAGE_7,DRAM_ENERGY (J),PACKAGE_ENERGY (J),PP0_ENERGY (J),PP1_ENERGY (J),TOTAL_MEMORY,TOTAL_SWAP,USED_MEMORY,USED_SWAP
0,1727192211304,2400,2400,2400,2400,2399,2399,2400,2402,26.3157901763916,18.421052932739258,18.421052932739258,13.51351261138916,15.384615898132324,15.789472579956055,13.51351261138916,13.51351261138916,1582.7088623046875,11548.1171875,6096.1259765625,195.6868896484375,16650326016,2147479552,4153266176,20140032
999,1727192211304,2400,2400,2400,2400,2399,2399,2400,2402,26.3157901763916,18.421052932739258,18.421052932739258,13.51351261138916,15.384615898132324,15.789472579956055,13.51351261138916,13.51351261138916,1582.7088623046875,11548.1171875,6096.127014160156,195.6868896484375,16650326016,2147479552,4153266176,20140032
1,1727192212305,2400,2400,2400,2400,2399,2399,2400,2402,18.81188201904297,17,17,28.712871551513672,16,17,17.8217830657959,16,1583.0669555664063,11553.935974121094,6100.5733642578125,195.692138671875,16650326016,2147479552,4173918208,20140032
