Delta,Time,CPU_FREQUENCY_0,CPU_FREQUENCY_1,CPU_FREQUENCY_10,CPU_FREQUENCY_11,CPU_FREQUENCY_12,CPU_FREQUENCY_13,CPU_FREQUENCY_14,CPU_FREQUENCY_15,CPU_FREQUENCY_2,CPU_FREQUENCY_3,CPU_FREQUENCY_4,CPU_FREQUENCY_5,CPU_FREQUENCY_6,CPU_FREQUENCY_7,CPU_FREQUENCY_8,CPU_FREQUENCY_9,CPU_TEMP_0,CPU_TEMP_1,CPU_TEMP_2,CPU_TEMP_3,CPU_TEMP_4,CPU_TEMP_5,CPU_TEMP_6,CPU_TEMP_7,CPU_USAGE_0,CPU_USAGE_1,CPU_USAGE_10,CPU_USAGE_11,CPU_USAGE_12,CPU_USAGE_13,CPU_USAGE_14,CPU_USAGE_15,CPU_USAGE_2,CPU_USAGE_3,CPU_USAGE_4,CPU_USAGE_5,CPU_USAGE_6,CPU_USAGE_7,CPU_USAGE_8,CPU_USAGE_9,SYSTEM_POWER (Watts),TOTAL_MEMORY,TOTAL_SWAP,USED_MEMORY,USED_SWAP
0,1727462291660,2400,2400,2400,2400,2400,2400,2400,2400,2400,2400,2400,2400,2400,2400,2400,2400,80,80,75,86,74,73,73,72,0,0,50,0,0,0,0,0,50,0,0,0,50,0,0,0,72.36860656738281,68719476736,2147483648,33527136256,470810624
1004,1727462291660,2400,2400,2400,2400,2400,2400,2400,2400,2400,2400,2400,2400,2400,2400,2400,2400,80,80,75,86,74,73,73,72,100,0,100,0,0,0,50,0,100,0,100,0,0,0,100,0,72.36860656738281,68719476736,2147483648,33528500224,470810624
12,1727462292665,2400,2400,2400,2400,2400,2400,2400,2400,2400,2400,2400,2400,2400,2400,2400,2400,78,77,75,75,74,73,81,81,46.46464538574219,7,27.000001907348633,0,45,4.901960849761963,24,1.9801980257034302,38,4.95049524307251,41.58415985107422,5.94059419631958,35.6435661315918,2.97029709815979,38.613861083984375,4.95049524307251,73.38323974609375,68719476736,2147483648,33525686272,470810624
