Delta,Time,CPU_FREQUENCY_0,CPU_FREQUENCY_1,CPU_FREQUENCY_10,CPU_FREQUENCY_11,CPU_FREQUENCY_12,CPU_FREQUENCY_13,CPU_FREQUENCY_14,CPU_FREQUENCY_15,CPU_FREQUENCY_2,CPU_FREQUENCY_3,CPU_FREQUENCY_4,CPU_FREQUENCY_5,CPU_FREQUENCY_6,CPU_FREQUENCY_7,CPU_FREQUENCY_8,CPU_FREQUENCY_9,CPU_TEMP_0,CPU_TEMP_1,CPU_TEMP_2,CPU_TEMP_3,CPU_TEMP_4,CPU_TEMP_5,CPU_TEMP_6,CPU_TEMP_7,CPU_USAGE_0,CPU_USAGE_1,CPU_USAGE_10,CPU_USAGE_11,CPU_USAGE_12,CPU_USAGE_13,CPU_USAGE_14,CPU_USAGE_15,CPU_USAGE_2,CPU_USAGE_3,CPU_USAGE_4,CPU_USAGE_5,CPU_USAGE_6,CPU_USAGE_7,CPU_USAGE_8,CPU_USAGE_9,SYSTEM_POWER (Watts),TOTAL_MEMORY,TOTAL_SWAP,USED_MEMORY,USED_SWAP
0,1729270537907,2400,2400,2400,2400,2400,2400,2400,2400,2400,2400,2400,2400,2400,2400,2400,2400,69,67,68,68,75,67,68,66,NaN,0,0,0,0,0,0,0,0,0,0,0,0,0,0,0,67.62504577636719,68719476736,0,37422141440,0
203,1729270537907,2400,2400,2400,2400,2400,2400,2400,2400,2400,2400,2400,2400,2400,2400,2400,2400,69,67,68,68,75,67,68,66,66.66667175292969,0,50,0,0,0,0,0,0,0,100,0,0,0,0,0,67.62504577636719,68719476736,0,37423628288,0
15,1729270538112,2400,2400,2400,2400,2400,2400,2400,2400,2400,2400,2400,2400,2400,2400,2400,2400,69,67,68,68,75,67,68,66,73.68421173095703,9.523809432983398,60.000003814697266,4.761904716491699,65,0,61.904762268066406,0,71.42857360839844,4.761904716491699,71.42857360839844,4.761904716491699,66.66667175292969,4.761904716491699,66.66667175292969,4.761904716491699,67.62504577636719,68719476736,0,37423026176,0
