Delta,Time,CPU_FREQUENCY_0,CPU_FREQUENCY_1,CPU_FREQUENCY_10,CPU_FREQUENCY_11,CPU_FREQUENCY_12,CPU_FREQUENCY_13,CPU_FREQUENCY_14,CPU_FREQUENCY_15,CPU_FREQUENCY_2,CPU_FREQUENCY_3,CPU_FREQUENCY_4,CPU_FREQUENCY_5,CPU_FREQUENCY_6,CPU_FREQUENCY_7,CPU_FREQUENCY_8,CPU_FREQUENCY_9,CPU_TEMP_0,CPU_TEMP_1,CPU_TEMP_2,CPU_TEMP_3,CPU_TEMP_4,CPU_TEMP_5,CPU_TEMP_6,CPU_TEMP_7,CPU_USAGE_0,CPU_USAGE_1,CPU_USAGE_10,CPU_USAGE_11,CPU_USAGE_12,CPU_USAGE_13,CPU_USAGE_14,CPU_USAGE_15,CPU_USAGE_2,CPU_USAGE_3,CPU_USAGE_4,CPU_USAGE_5,CPU_USAGE_6,CPU_USAGE_7,CPU_USAGE_8,CPU_USAGE_9,SYSTEM_POWER (Watts),TOTAL_MEMORY,TOTAL_SWAP,USED_MEMORY,USED_SWAP
0,1727470505219,2400,2400,2400,2400,2400,2400,2400,2400,2400,2400,2400,2400,2400,2400,2400,2400,77,74,76,75,81,73,76,78,0,0,50,0,0,0,0,0,0,0,0,0,66.66667175292969,0,0,0,78.92735290527344,68719476736,2147483648,33005297664,470810624
203,1727470505219,2400,2400,2400,2400,2400,2400,2400,2400,2400,2400,2400,2400,2400,2400,2400,2400,77,74,76,75,81,73,76,78,100,0,100,0,100,0,50,0,100,0,100,0,NaN,0,0,0,78.92735290527344,68719476736,2147483648,33005957120,470810624
13,1727470505423,2400,2400,2400,2400,2400,2400,2400,2400,2400,2400,2400,2400,2400,2400,2400,2400,77,74,76,75,81,73,76,78,85,31.57894515991211,76.19047546386719,28.571430206298828,85,23.809524536132813,85,20,80.95238494873047,25,80.95238494873047,19.047618865966797,76.19047546386719,14.285715103149414,85,5.263157844543457,70.9473648071289,68719476736,2147483648,33018544128,470810624
