Delta,Time,CPU_FREQUENCY_0,CPU_FREQUENCY_1,CPU_FREQUENCY_10,CPU_FREQUENCY_11,CPU_FREQUENCY_12,CPU_FREQUENCY_13,CPU_FREQUENCY_14,CPU_FREQUENCY_15,CPU_FREQUENCY_2,CPU_FREQUENCY_3,CPU_FREQUENCY_4,CPU_FREQUENCY_5,CPU_FREQUENCY_6,CPU_FREQUENCY_7,CPU_FREQUENCY_8,CPU_FREQUENCY_9,CPU_TEMP_0,CPU_TEMP_1,CPU_TEMP_2,CPU_TEMP_3,CPU_TEMP_4,CPU_TEMP_5,CPU_TEMP_6,CPU_TEMP_7,CPU_USAGE_0,CPU_USAGE_1,CPU_USAGE_10,CPU_USAGE_11,CPU_USAGE_12,CPU_USAGE_13,CPU_USAGE_14,CPU_USAGE_15,CPU_USAGE_2,CPU_USAGE_3,CPU_USAGE_4,CPU_USAGE_5,CPU_USAGE_6,CPU_USAGE_7,CPU_USAGE_8,CPU_USAGE_9,SYSTEM_POWER (Watts),TOTAL_MEMORY,TOTAL_SWAP,USED_MEMORY,USED_SWAP
0,1727460998990,2400,2400,2400,2400,2400,2400,2400,2400,2400,2400,2400,2400,2400,2400,2400,2400,76,75,76,83,76,75,79,80,100,0,50,0,0,0,100,0,0,0,100,0,0,0,NaN,0,74.89765167236328,68719476736,2147483648,33493594112,470810624
204,1727460998991,2400,2400,2400,2400,2400,2400,2400,2400,2400,2400,2400,2400,2400,2400,2400,2400,76,75,76,83,76,75,79,80,50,0,0,0,100,0,66.66667175292969,0,100,0,100,0,0,0,50,0,74.89765167236328,68719476736,2147483648,33492815872,470810624
13,1727460999195,2400,2400,2400,2400,2400,2400,2400,2400,2400,2400,2400,2400,2400,2400,2400,2400,86,81,83,83,85,81,84,81,84.21052551269531,30.000001907348633,85,25,80.95238494873047,15.000000953674316,85,21.052631378173828,80,25,85,23.809524536132813,72.7272720336914,26.3157901763916,90,14.285715103149414,74.89765167236328,68719476736,2147483648,33490296832,470810624
