Delta,Time,CPU_FREQUENCY_0,CPU_FREQUENCY_1,CPU_FREQUENCY_2,CPU_FREQUENCY_3,CPU_FREQUENCY_4,CPU_FREQUENCY_5,CPU_FREQUENCY_6,CPU_FREQUENCY_7,CPU_USAGE_0,CPU_USAGE_1,CPU_USAGE_2,CPU_USAGE_3,CPU_USAGE_4,CPU_USAGE_5,CPU_USAGE_6,CPU_USAGE_7,DRAM_ENERGY (J),PACKAGE_ENERGY (J),PP0_ENERGY (J),PP1_ENERGY (J),TOTAL_MEMORY,TOTAL_SWAP,USED_MEMORY,USED_SWAP
0,1727192316570,2400,2399,2400,2399,2400,2400,2399,2399,17.142858505249023,14.705883026123047,12.121212005615234,17.647058486938477,14.705883026123047,14.705883026123047,22.85714340209961,20.58823585510254,1616.4093627929688,11743.52099609375,6151.339416503906,195.99072265625,16650326016,2147479552,4152123392,20140032
199,1727192316570,2400,2399,2400,2399,2400,2400,2399,2399,17.142858505249023,14.705883026123047,12.121212005615234,17.647058486938477,14.705883026123047,14.705883026123047,22.85714340209961,20.58823585510254,1616.4100952148438,11743.522583007813,6151.3409423828125,195.99072265625,16650326016,2147479552,4152123392,20140032
199,1727192316770,2400,2399,2400,2399,2400,2400,2399,2399,68.42105102539063,100,66.66667175292969,68.42105102539063,65,65,70,65,1616.4810791015625,11747.096313476563,6154.639465332031,195.99072265625,16650326016,2147479552,4168867840,20140032
200,1727192316970,2400,2399,2400,2399,2400,2400,2399,2399,0,100,0,0,0,0,0,0,1616.677001953125,11748.903503417969,6156.126708984375,195.9930419921875,16650326016,2147479552,4474662912,20140032
200,1727192317170,2400,2399,2400,2399,2400,2400,2399,2399,0,100,0,0,0,0,0,0,1616.7686157226563,11750.929504394531,6157.87060546875,195.9930419921875,16650326016,2147479552,4566937600,20140032
200,1727192317370,2400,2399,2400,2399,2400,2400,2399,2399,0,100,0,0,0,0,0,0,1616.8612060546875,11753.268615722656,6159.9212646484375,195.9930419921875,16650326016,2147479552,4667600896,20140032
0,1727192317571,2400,2399,2400,2399,2400,2400,2399,2399,20,68.42105102539063,15.789472579956055,25,20,23.809524536132813,27.272727966308594,23.809524536132813,1617.018798828125,11755.382446289063,6161.726806640625,195.9957275390625,16650326016,2147479552,4160335872,20140032
