Delta,Time,CPU_FREQUENCY_0,CPU_FREQUENCY_1,CPU_FREQUENCY_10,CPU_FREQUENCY_11,CPU_FREQUENCY_12,CPU_FREQUENCY_13,CPU_FREQUENCY_14,CPU_FREQUENCY_15,CPU_FREQUENCY_2,CPU_FREQUENCY_3,CPU_FREQUENCY_4,CPU_FREQUENCY_5,CPU_FREQUENCY_6,CPU_FREQUENCY_7,CPU_FREQUENCY_8,CPU_FREQUENCY_9,CPU_TEMP_0,CPU_TEMP_1,CPU_TEMP_2,CPU_TEMP_3,CPU_TEMP_4,CPU_TEMP_5,CPU_TEMP_6,CPU_TEMP_7,CPU_USAGE_0,CPU_USAGE_1,CPU_USAGE_10,CPU_USAGE_11,CPU_USAGE_12,CPU_USAGE_13,CPU_USAGE_14,CPU_USAGE_15,CPU_USAGE_2,CPU_USAGE_3,CPU_USAGE_4,CPU_USAGE_5,CPU_USAGE_6,CPU_USAGE_7,CPU_USAGE_8,CPU_USAGE_9,SYSTEM_POWER (Watts),TOTAL_MEMORY,TOTAL_SWAP,USED_MEMORY,USED_SWAP
0,1727462396896,2400,2400,2400,2400,2400,2400,2400,2400,2400,2400,2400,2400,2400,2400,2400,2400,82,78,78,79,79,97,91,77,50,0,0,0,0,0,0,0,0,0,50,0,100,0,0,0,95.2724609375,68719476736,2147483648,33468092416,470810624
203,1727462396896,2400,2400,2400,2400,2400,2400,2400,2400,2400,2400,2400,2400,2400,2400,2400,2400,82,78,78,79,79,97,91,77,NaN,0,100,0,50,0,NaN,0,100,0,NaN,0,50,0,0,0,95.2724609375,68719476736,2147483648,33468092416,470810624
199,1727462397100,2400,2400,2400,2400,2400,2400,2400,2400,2400,2400,2400,2400,2400,2400,2400,2400,82,78,78,79,79,97,91,77,81.81818389892578,30.000001907348633,80,20,100,10,71.42857360839844,10.526315689086914,75,25,76.19047546386719,19.047618865966797,85,14.285715103149414,76.19047546386719,14.285715103149414,95.04061126708984,68719476736,2147483648,33468092416,470810624
202,1727462397300,2400,2400,2400,2400,2400,2400,2400,2400,2400,2400,2400,2400,2400,2400,2400,2400,86,87,78,79,78,78,83,87,65,0,20,4.761904716491699,65,0,68.42105102539063,0,36.842105865478516,4.761904716491699,25,0,40,0,26.3157901763916,0,95.04061126708984,68719476736,2147483648,33468092416,470810624
204,1727462397503,2400,2400,2400,2400,2400,2400,2400,2400,2400,2400,2400,2400,2400,2400,2400,2400,86,87,78,79,78,78,83,87,42.105262756347656,0,50,0,57.142860412597656,0,28.571430206298828,0,25,0,25,0,45,0,50,0,95.04061126708984,68719476736,2147483648,33852084224,470810624
13,1727462397708,2400,2400,2400,2400,2400,2400,2400,2400,2400,2400,2400,2400,2400,2400,2400,2400,86,87,78,79,78,78,83,87,65,10,57.142860412597656,14.285715103149414,38.095237731933594,13.636363983154297,80,15.000000953674316,42.85714340209961,9.523809432983398,45,10,55,10,38.095237731933594,14.285715103149414,95.04061126708984,68719476736,2147483648,33471889408,470810624
