Delta,Time,CPU_FREQUENCY_0,CPU_FREQUENCY_1,CPU_FREQUENCY_10,CPU_FREQUENCY_11,CPU_FREQUENCY_12,CPU_FREQUENCY_13,CPU_FREQUENCY_14,CPU_FREQUENCY_15,CPU_FREQUENCY_2,CPU_FREQUENCY_3,CPU_FREQUENCY_4,CPU_FREQUENCY_5,CPU_FREQUENCY_6,CPU_FREQUENCY_7,CPU_FREQUENCY_8,CPU_FREQUENCY_9,CPU_TEMP_0,CPU_TEMP_1,CPU_TEMP_2,CPU_TEMP_3,CPU_TEMP_4,CPU_TEMP_5,CPU_TEMP_6,CPU_TEMP_7,CPU_USAGE_0,CPU_USAGE_1,CPU_USAGE_10,CPU_USAGE_11,CPU_USAGE_12,CPU_USAGE_13,CPU_USAGE_14,CPU_USAGE_15,CPU_USAGE_2,CPU_USAGE_3,CPU_USAGE_4,CPU_USAGE_5,CPU_USAGE_6,CPU_USAGE_7,CPU_USAGE_8,CPU_USAGE_9,SYSTEM_POWER (Watts),TOTAL_MEMORY,TOTAL_SWAP,USED_MEMORY,USED_SWAP
0,1727461163194,2400,2400,2400,2400,2400,2400,2400,2400,2400,2400,2400,2400,2400,2400,2400,2400,79,78,86,79,80,80,77,82,0,0,100,0,50,0,0,0,NaN,0,100,0,0,0,0,0,80.65336608886719,68719476736,2147483648,33478094848,470810624
202,1727461163194,2400,2400,2400,2400,2400,2400,2400,2400,2400,2400,2400,2400,2400,2400,2400,2400,79,78,86,79,80,80,77,82,100,0,50,0,100,0,50,0,0,0,100,0,100,0,50,0,80.65336608886719,68719476736,2147483648,33479233536,470810624
203,1727461163397,2400,2400,2400,2400,2400,2400,2400,2400,2400,2400,2400,2400,2400,2400,2400,2400,79,78,86,79,80,80,77,82,80.95238494873047,30.000001907348633,85,21.052631378173828,90,19.047618865966797,85,15.789472579956055,76.19047546386719,25,80,15.000000953674316,80,25,80,5.263157844543457,80.65336608886719,68719476736,2147483648,33580126208,470810624
203,1727461163601,2400,2400,2400,2400,2400,2400,2400,2400,2400,2400,2400,2400,2400,2400,2400,2400,79,78,86,79,80,80,77,82,50,5,47.36842346191406,0,50,0,45,0,55,0,38.095237731933594,0,45,0,45,4.761904716491699,80.65336608886719,68719476736,2147483648,33731158016,470810624
202,1727461163805,2400,2400,2400,2400,2400,2400,2400,2400,2400,2400,2400,2400,2400,2400,2400,2400,79,78,86,79,80,80,77,82,52.38095474243164,0,52.38095474243164,4.761904716491699,30.000001907348633,0,85,0,47.619049072265625,0,35,0,42.85714340209961,0,28.571430206298828,0,80.65336608886719,68719476736,2147483648,33843675136,470810624
12,1727461164009,2400,2400,2400,2400,2400,2400,2400,2400,2400,2400,2400,2400,2400,2400,2400,2400,79,78,86,79,80,80,77,82,60.000003814697266,10,52.38095474243164,5,57.142860412597656,10.526315689086914,57.142860412597656,9.523809432983398,55,9.523809432983398,45,10,52.6315803527832,5,55,5,87.6126480102539,68719476736,2147483648,33843675136,470810624
