Delta,Time,CPU_FREQUENCY_0,CPU_FREQUENCY_1,CPU_FREQUENCY_10,CPU_FREQUENCY_11,CPU_FREQUENCY_12,CPU_FREQUENCY_13,CPU_FREQUENCY_14,CPU_FREQUENCY_15,CPU_FREQUENCY_2,CPU_FREQUENCY_3,CPU_FREQUENCY_4,CPU_FREQUENCY_5,CPU_FREQUENCY_6,CPU_FREQUENCY_7,CPU_FREQUENCY_8,CPU_FREQUENCY_9,CPU_TEMP_0,CPU_TEMP_1,CPU_TEMP_2,CPU_TEMP_3,CPU_TEMP_4,CPU_TEMP_5,CPU_TEMP_6,CPU_TEMP_7,CPU_USAGE_0,CPU_USAGE_1,CPU_USAGE_10,CPU_USAGE_11,CPU_USAGE_12,CPU_USAGE_13,CPU_USAGE_14,CPU_USAGE_15,CPU_USAGE_2,CPU_USAGE_3,CPU_USAGE_4,CPU_USAGE_5,CPU_USAGE_6,CPU_USAGE_7,CPU_USAGE_8,CPU_USAGE_9,SYSTEM_POWER (Watts),TOTAL_MEMORY,TOTAL_SWAP,USED_MEMORY,USED_SWAP
0,1727462312722,2400,2400,2400,2400,2400,2400,2400,2400,2400,2400,2400,2400,2400,2400,2400,2400,88,80,77,79,76,80,90,76,50,0,50,0,0,0,0,0,50,0,0,0,0,0,0,0,75.19932556152344,68719476736,2147483648,33524453376,470810624
202,1727462312722,2400,2400,2400,2400,2400,2400,2400,2400,2400,2400,2400,2400,2400,2400,2400,2400,88,80,77,79,76,80,90,76,100,0,0,0,50,0,100,0,50,0,66.66667175292969,0,50,0,50,0,75.19932556152344,68719476736,2147483648,33525272576,470810624
17,1727462312926,2400,2400,2400,2400,2400,2400,2400,2400,2400,2400,2400,2400,2400,2400,2400,2400,88,80,77,79,76,80,90,76,80,38.095237731933594,76.19047546386719,23.809524536132813,75,19.047618865966797,66.66667175292969,15.000000953674316,85,15.000000953674316,78.94737243652344,9.523809432983398,73.68421173095703,20,85,10,81.02389526367188,68719476736,2147483648,33522216960,470810624
