Delta,Time,CPU_FREQUENCY_0,CPU_FREQUENCY_1,CPU_FREQUENCY_2,CPU_FREQUENCY_3,CPU_FREQUENCY_4,CPU_FREQUENCY_5,CPU_FREQUENCY_6,CPU_FREQUENCY_7,CPU_USAGE_0,CPU_USAGE_1,CPU_USAGE_2,CPU_USAGE_3,CPU_USAGE_4,CPU_USAGE_5,CPU_USAGE_6,CPU_USAGE_7,DRAM_ENERGY (J),PACKAGE_ENERGY (J),PP0_ENERGY (J),PP1_ENERGY (J),TOTAL_MEMORY,TOTAL_SWAP,USED_MEMORY,USED_SWAP
0,1727192232425,2302,2399,2399,2402,2400,2399,2399,2400,15.909090995788574,19.565217971801758,18.18181800842285,17.39130401611328,24.44444465637207,22.22222328186035,18.18181800842285,18.18181800842285,1589.3272705078125,11584.671997070313,6104.60888671875,195.75311279296875,16650326016,2147479552,4164435968,20140032
199,1727192232425,2302,2399,2399,2402,2400,2399,2399,2400,15.909090995788574,19.565217971801758,18.18181800842285,17.39130401611328,24.44444465637207,22.22222328186035,18.18181800842285,18.18181800842285,1589.3280029296875,11584.673522949219,6104.610046386719,195.75311279296875,16650326016,2147479552,4164435968,20140032
200,1727192232625,2302,2399,2399,2402,2400,2399,2399,2400,66.66667175292969,65,100,66.66667175292969,76.19047546386719,65,65,70,1589.3985595703125,11588.1767578125,6107.833801269531,195.75311279296875,16650326016,2147479552,4181434368,20140032
0,1727192232825,2302,2399,2399,2402,2400,2399,2399,2400,15.000000953674316,14.285715103149414,40,10.526315689086914,10.526315689086914,15.000000953674316,15.000000953674316,10,1589.4896850585938,11589.577819824219,6108.952087402344,195.75579833984375,16650326016,2147479552,4189294592,20140032
