Delta,Time,CPU_FREQUENCY_0,CPU_FREQUENCY_1,CPU_FREQUENCY_10,CPU_FREQUENCY_11,CPU_FREQUENCY_12,CPU_FREQUENCY_13,CPU_FREQUENCY_14,CPU_FREQUENCY_15,CPU_FREQUENCY_2,CPU_FREQUENCY_3,CPU_FREQUENCY_4,CPU_FREQUENCY_5,CPU_FREQUENCY_6,CPU_FREQUENCY_7,CPU_FREQUENCY_8,CPU_FREQUENCY_9,CPU_TEMP_0,CPU_TEMP_1,CPU_TEMP_2,CPU_TEMP_3,CPU_TEMP_4,CPU_TEMP_5,CPU_TEMP_6,CPU_TEMP_7,CPU_USAGE_0,CPU_USAGE_1,CPU_USAGE_10,CPU_USAGE_11,CPU_USAGE_12,CPU_USAGE_13,CPU_USAGE_14,CPU_USAGE_15,CPU_USAGE_2,CPU_USAGE_3,CPU_USAGE_4,CPU_USAGE_5,CPU_USAGE_6,CPU_USAGE_7,CPU_USAGE_8,CPU_USAGE_9,SYSTEM_POWER (Watts),TOTAL_MEMORY,TOTAL_SWAP,USED_MEMORY,USED_SWAP
0,1729656307647,2400,2400,2400,2400,2400,2400,2400,2400,2400,2400,2400,2400,2400,2400,2400,2400,70,65,69,66,65,64,65,64,50,50,NaN,50,NaN,0,0,50,66.66667175292969,0,0,33.333335876464844,100,50,50,33.333335876464844,54.44467544555664,68719476736,0,35562618880,0
203,1729656307647,2400,2400,2400,2400,2400,2400,2400,2400,2400,2400,2400,2400,2400,2400,2400,2400,70,65,69,66,65,64,65,64,100,0,0,0,0,0,0,0,NaN,0,100,0,0,0,0,0,54.44467544555664,68719476736,0,35562618880,0
15,1729656307851,2400,2400,2400,2400,2400,2400,2400,2400,2400,2400,2400,2400,2400,2400,2400,2400,70,65,69,66,65,64,65,64,45,0,15.000000953674316,4.761904716491699,10,0,19.047618865966797,4.761904716491699,28.571430206298828,0,28.571430206298828,4.761904716491699,10,4.761904716491699,19.047618865966797,0,54.44467544555664,68719476736,0,35562618880,0
