Delta,Time,CPU_FREQUENCY_0,CPU_FREQUENCY_1,CPU_FREQUENCY_2,CPU_FREQUENCY_3,CPU_FREQUENCY_4,CPU_FREQUENCY_5,CPU_FREQUENCY_6,CPU_FREQUENCY_7,CPU_USAGE_0,CPU_USAGE_1,CPU_USAGE_2,CPU_USAGE_3,CPU_USAGE_4,CPU_USAGE_5,CPU_USAGE_6,CPU_USAGE_7,DRAM_ENERGY (J),PACKAGE_ENERGY (J),PP0_ENERGY (J),PP1_ENERGY (J),TOTAL_MEMORY,TOTAL_SWAP,USED_MEMORY,USED_SWAP
0,1727192358762,2299,2299,2399,2399,2400,2400,2008,2334,0,4.761904716491699,9.090909004211426,4.761904716491699,0,4.545454502105713,4.545454502105713,4.761904716491699,1630.3903198242188,11829.399108886719,6180.79833984375,196.0931396484375,16650326016,2147479552,4127277056,20140032
199,1727192358762,2299,2299,2399,2399,2400,2400,2008,2334,0,4.761904716491699,9.090909004211426,4.761904716491699,0,4.545454502105713,4.545454502105713,4.761904716491699,1630.3910522460938,11829.404235839844,6180.799499511719,196.0931396484375,16650326016,2147479552,4127277056,20140032
200,1727192358962,2299,2299,2399,2399,2400,2400,2008,2334,100,65,65,70,66.66667175292969,68.42105102539063,75,66.66667175292969,1630.4613647460938,11832.964965820313,6184.090026855469,196.0931396484375,16650326016,2147479552,4143988736,20140032
200,1727192359162,2299,2299,2399,2399,2400,2400,2008,2334,100,0,0,0,0,0,0,0,1630.6571044921875,11834.758605957031,6185.564208984375,196.095458984375,16650326016,2147479552,4445589504,20140032
200,1727192359362,2299,2299,2399,2399,2400,2400,2008,2334,100,0,0,0,0,0,0,0,1630.7489624023438,11836.769775390625,6187.281921386719,196.095458984375,16650326016,2147479552,4542058496,20140032
200,1727192359562,2299,2299,2399,2399,2400,2400,2008,2334,100,0,0,0,0,0,0,0,1630.8408813476563,11839.0556640625,6189.281799316406,196.095458984375,16650326016,2147479552,4642721792,20140032
0,1727192359763,2299,2299,2399,2399,2400,2400,2008,2334,66.66667175292969,20,20,15.789472579956055,20,23.809524536132813,20,20,1630.9832763671875,11841.07177734375,6190.990539550781,196.09820556640625,16650326016,2147479552,4191473664,20140032
