__run_id,__done,input_size,sampling_rate,cache_strategy,input_description,execution_time,average_cpu_usage,memory_usage,energy_consumption,dram_energy,package_energy,pp0_energy,pp1_energy
run_0_repetition_0,DONE,10,200,tower_of_hanoi,10 disks,8.317903848364949e-05,21.83351413,27953.41927083,11.562306476593017,0.0,0.0,0.0,0.0
run_1_repetition_0,DONE,10,200,tower_of_hanoi_cache,10 disks,6.359769031405449e-07,16.230681,27847.42578125,10.481277767181396,0.0,0.0,0.0,0.0
run_2_repetition_0,DONE,10,200,tower_of_hanoi_lru_cache,10 disks,6.059999577701092e-07,10.82341274,27903.63671875,10.413166969299317,0.0,0.0,0.0,0.0
run_3_repetition_0,DONE,20,200,tower_of_hanoi,20 disks,0.067617210035678,9.17214912,27828.04557292,9.919744110107423,0.0,0.0,0.0,0.0
run_4_repetition_0,DONE,20,200,tower_of_hanoi_cache,20 disks,6.919726729393005e-07,13.24021488,27904.56380208,9.964551982879637,0.0,0.0,0.0,0.0
run_5_repetition_0,DONE,20,200,tower_of_hanoi_lru_cache,20 disks,6.179907359182835e-07,6.32936511,27938.81640625,10.224489475250245,0.0,0.0,0.0,0.0
run_6_repetition_0,DONE,30,200,tower_of_hanoi,30 disks, ,16.31373379,27899.57879577,1584.08461876297,0.0,0.0,0.0,0.0
run_7_repetition_0,DONE,30,200,tower_of_hanoi_cache,30 disks,5.990150384604931e-07,11.7965369,27936.83984375,11.294227661132812,0.0,0.0,0.0,0.0
run_8_repetition_0,DONE,30,200,tower_of_hanoi_lru_cache,30 disks,6.330083124339581e-07,4.67352092,27896.08984375,10.870126350402831,0.0,0.0,0.0,0.0
