Delta,Time,CPU_FREQUENCY_0,CPU_FREQUENCY_1,CPU_FREQUENCY_2,CPU_FREQUENCY_3,CPU_FREQUENCY_4,CPU_FREQUENCY_5,CPU_FREQUENCY_6,CPU_FREQUENCY_7,CPU_USAGE_0,CPU_USAGE_1,CPU_USAGE_2,CPU_USAGE_3,CPU_USAGE_4,CPU_USAGE_5,CPU_USAGE_6,CPU_USAGE_7,DRAM_ENERGY (J),PACKAGE_ENERGY (J),PP0_ENERGY (J),PP1_ENERGY (J),TOTAL_MEMORY,TOTAL_SWAP,USED_MEMORY,USED_SWAP
0,1727192274612,1999,2000,1999,1999,1999,2002,1999,2226,13.461539268493652,22.641510009765625,13.461539268493652,11.764705657958984,13.461539268493652,13.72549057006836,9.803921699523926,16.98113250732422,1602.4459228515625,11658.018371582031,6121.965270996094,195.8541259765625,16650326016,2147479552,4158783488,20140032
199,1727192274613,1999,2000,1999,1999,1999,2002,1999,2226,13.461539268493652,22.641510009765625,13.461539268493652,11.764705657958984,13.461539268493652,13.72549057006836,9.803921699523926,16.98113250732422,1602.44677734375,11658.020751953125,6121.9664306640625,195.8541259765625,16650326016,2147479552,4158783488,20140032
200,1727192274813,1999,2000,1999,1999,1999,2002,1999,2226,75,65,100,66.66667175292969,65,66.66667175292969,66.66667175292969,70,1602.5180053710938,11661.564208984375,6125.231018066406,195.8541259765625,16650326016,2147479552,4170895360,20140032
200,1727192275013,1999,2000,1999,1999,1999,2002,1999,2226,65,0,100,0,0,0,0,0,1602.8351440429688,11663.757934570313,6127.072692871094,195.85650634765625,16650326016,2147479552,4461965312,20140032
200,1727192275213,1999,2000,1999,1999,1999,2002,1999,2226,15.000000953674316,0,100,0,0,0,0,0,1602.956298828125,11665.643981933594,6128.668273925781,195.85650634765625,16650326016,2147479552,4554063872,20140032
200,1727192275413,1999,2000,1999,1999,1999,2002,1999,2226,0,0,100,0,0,0,0,0,1603.0471801757813,11667.678771972656,6130.418395996094,195.85650634765625,16650326016,2147479552,4650532864,20140032
0,1727192275613,1999,2000,1999,1999,1999,2002,1999,2226,20,23.809524536132813,85.71428680419922,23.809524536132813,20,20,15.789472579956055,19.047618865966797,1603.193115234375,11669.926818847656,6132.3544921875,195.8590087890625,16650326016,2147479552,4164546560,20140032
