Delta,Time,CPU_FREQUENCY_0,CPU_FREQUENCY_1,CPU_FREQUENCY_10,CPU_FREQUENCY_11,CPU_FREQUENCY_12,CPU_FREQUENCY_13,CPU_FREQUENCY_14,CPU_FREQUENCY_15,CPU_FREQUENCY_2,CPU_FREQUENCY_3,CPU_FREQUENCY_4,CPU_FREQUENCY_5,CPU_FREQUENCY_6,CPU_FREQUENCY_7,CPU_FREQUENCY_8,CPU_FREQUENCY_9,CPU_TEMP_0,CPU_TEMP_1,CPU_TEMP_2,CPU_TEMP_3,CPU_TEMP_4,CPU_TEMP_5,CPU_TEMP_6,CPU_TEMP_7,CPU_USAGE_0,CPU_USAGE_1,CPU_USAGE_10,CPU_USAGE_11,CPU_USAGE_12,CPU_USAGE_13,CPU_USAGE_14,CPU_USAGE_15,CPU_USAGE_2,CPU_USAGE_3,CPU_USAGE_4,CPU_USAGE_5,CPU_USAGE_6,CPU_USAGE_7,CPU_USAGE_8,CPU_USAGE_9,SYSTEM_POWER (Watts),TOTAL_MEMORY,TOTAL_SWAP,USED_MEMORY,USED_SWAP
0,1727462354815,2400,2400,2400,2400,2400,2400,2400,2400,2400,2400,2400,2400,2400,2400,2400,2400,99,89,76,78,85,76,76,75,NaN,0,0,0,0,0,0,0,50,0,50,0,50,0,100,0,78.05545043945313,68719476736,2147483648,33457983488,470810624
203,1727462354815,2400,2400,2400,2400,2400,2400,2400,2400,2400,2400,2400,2400,2400,2400,2400,2400,99,89,76,78,85,76,76,75,66.66667175292969,0,50,0,100,0,66.66667175292969,0,100,0,50,0,50,0,50,0,78.05545043945313,68719476736,2147483648,33459908608,470810624
202,1727462355020,2400,2400,2400,2400,2400,2400,2400,2400,2400,2400,2400,2400,2400,2400,2400,2400,99,89,76,78,85,76,76,75,80,33.333335876464844,78.94737243652344,20,90.47618865966797,0,89.47368621826172,19.047618865966797,76.19047546386719,22.72727394104004,75,13.636363983154297,80,25,85.71428680419922,10,87.7856216430664,68719476736,2147483648,33585033216,470810624
203,1727462355223,2400,2400,2400,2400,2400,2400,2400,2400,2400,2400,2400,2400,2400,2400,2400,2400,80,77,79,83,96,87,79,97,40,0,42.85714340209961,0,55,0,61.904762268066406,4.761904716491699,35,0,35,0,40,0,52.6315803527832,0,87.7856216430664,68719476736,2147483648,33724194816,470810624
200,1727462355427,2400,2400,2400,2400,2400,2400,2400,2400,2400,2400,2400,2400,2400,2400,2400,2400,80,77,79,83,96,87,79,97,23.809524536132813,0,40,0,61.904762268066406,0,90,0,20,0,10,0,30.000001907348633,0,52.38095474243164,0,87.7856216430664,68719476736,2147483648,33847287808,470810624
12,1727462355627,2400,2400,2400,2400,2400,2400,2400,2400,2400,2400,2400,2400,2400,2400,2400,2400,80,77,79,83,96,87,79,97,60.000003814697266,15.000000953674316,47.619049072265625,0,45,5,45,0,52.38095474243164,5.263157844543457,45,10,52.38095474243164,9.523809432983398,40,5,87.7856216430664,68719476736,2147483648,33456250880,470810624
