Delta,Time,CPU_FREQUENCY_0,CPU_FREQUENCY_1,CPU_FREQUENCY_10,CPU_FREQUENCY_11,CPU_FREQUENCY_12,CPU_FREQUENCY_13,CPU_FREQUENCY_14,CPU_FREQUENCY_15,CPU_FREQUENCY_2,CPU_FREQUENCY_3,CPU_FREQUENCY_4,CPU_FREQUENCY_5,CPU_FREQUENCY_6,CPU_FREQUENCY_7,CPU_FREQUENCY_8,CPU_FREQUENCY_9,CPU_TEMP_0,CPU_TEMP_1,CPU_TEMP_2,CPU_TEMP_3,CPU_TEMP_4,CPU_TEMP_5,CPU_TEMP_6,CPU_TEMP_7,CPU_USAGE_0,CPU_USAGE_1,CPU_USAGE_10,CPU_USAGE_11,CPU_USAGE_12,CPU_USAGE_13,CPU_USAGE_14,CPU_USAGE_15,CPU_USAGE_2,CPU_USAGE_3,CPU_USAGE_4,CPU_USAGE_5,CPU_USAGE_6,CPU_USAGE_7,CPU_USAGE_8,CPU_USAGE_9,SYSTEM_POWER (Watts),TOTAL_MEMORY,TOTAL_SWAP,USED_MEMORY,USED_SWAP
0,1727462417946,2400,2400,2400,2400,2400,2400,2400,2400,2400,2400,2400,2400,2400,2400,2400,2400,83,82,80,88,82,87,79,81,50,0,100,0,50,0,0,0,NaN,0,0,0,66.66667175292969,0,50,0,88.12316131591797,68719476736,2147483648,33775243264,470810624
1003,1727462417946,2400,2400,2400,2400,2400,2400,2400,2400,2400,2400,2400,2400,2400,2400,2400,2400,83,82,80,88,82,87,79,81,NaN,0,0,0,100,0,0,0,0,0,50,0,NaN,0,NaN,0,88.12316131591797,68719476736,2147483648,33776435200,470810624
12,1727462418950,2400,2400,2400,2400,2400,2400,2400,2400,2400,2400,2400,2400,2400,2400,2400,2400,84,86,84,89,88,94,85,89,61.386138916015625,7,57,8,45.45454788208008,4,74.25743103027344,3.0303030014038086,49.50495147705078,8,47.47474670410156,4,52.475250244140625,8,45,7.920792102813721,97.90745544433594,68719476736,2147483648,33774194688,470810624
