Delta,Time,CPU_FREQUENCY_0,CPU_FREQUENCY_1,CPU_FREQUENCY_10,CPU_FREQUENCY_11,CPU_FREQUENCY_12,CPU_FREQUENCY_13,CPU_FREQUENCY_14,CPU_FREQUENCY_15,CPU_FREQUENCY_2,CPU_FREQUENCY_3,CPU_FREQUENCY_4,CPU_FREQUENCY_5,CPU_FREQUENCY_6,CPU_FREQUENCY_7,CPU_FREQUENCY_8,CPU_FREQUENCY_9,CPU_TEMP_0,CPU_TEMP_1,CPU_TEMP_2,CPU_TEMP_3,CPU_TEMP_4,CPU_TEMP_5,CPU_TEMP_6,CPU_TEMP_7,CPU_USAGE_0,CPU_USAGE_1,CPU_USAGE_10,CPU_USAGE_11,CPU_USAGE_12,CPU_USAGE_13,CPU_USAGE_14,CPU_USAGE_15,CPU_USAGE_2,CPU_USAGE_3,CPU_USAGE_4,CPU_USAGE_5,CPU_USAGE_6,CPU_USAGE_7,CPU_USAGE_8,CPU_USAGE_9,SYSTEM_POWER (Watts),TOTAL_MEMORY,TOTAL_SWAP,USED_MEMORY,USED_SWAP
0,1729699741106,2400,2400,2400,2400,2400,2400,2400,2400,2400,2400,2400,2400,2400,2400,2400,2400,62,61,63,62,62,60,61,60,75,0,0,0,0,0,0,0,0,0,33.333335876464844,0,0,0,0,0,40.48887252807617,68719476736,0,35998253056,0
200,1729699741107,2400,2400,2400,2400,2400,2400,2400,2400,2400,2400,2400,2400,2400,2400,2400,2400,62,61,63,62,62,60,61,60,NaN,0,0,0,0,0,0,0,100,0,0,0,0,0,0,0,40.48887252807617,68719476736,0,36000636928,0
199,1729699741308,2400,2400,2400,2400,2400,2400,2400,2400,2400,2400,2400,2400,2400,2400,2400,2400,62,61,63,62,62,60,61,60,52.38095474243164,0,0,0,9.523809432983398,0,0,0,23.809524536132813,0,10,0,19.047618865966797,0,5,0,40.48887252807617,68719476736,0,36007878656,0
13,1729699741508,2400,2400,2400,2400,2400,2400,2400,2400,2400,2400,2400,2400,2400,2400,2400,2400,62,61,63,62,62,60,61,60,47.36842346191406,10,19.047618865966797,5,10.526315689086914,5.263157844543457,19.047618865966797,5.263157844543457,36.842105865478516,5.263157844543457,30.000001907348633,10,26.3157901763916,9.523809432983398,19.047618865966797,9.523809432983398,40.48887252807617,68719476736,0,35998564352,0
