__run_id,__done,input_size,cache,sampling,execution_time,average_cpu_usage,memory_usage,energy_consumption,dram_energy,package_energy,pp0_energy,pp1_energy
run_0_repetition_0,DONE,1024,DFT,200,0.2314428,32.49869496,31480.72526042,16.10117999267578,0.0,0.0,0.0,0.0
run_1_repetition_0,DONE,1024,DFT_cache,200,0.23064078,36.45745544,31462.01041667,14.056513916015625,0.0,0.0,0.0,0.0
run_2_repetition_0,DONE,1024,DFT_lru_cache,200,0.22719005,32.64750435,31432.265625,13.770199127197266,0.0,0.0,0.0,0.0
run_3_repetition_0,DONE,4096,DFT,200,0.8379574,26.95573714,31458.12239583,61.634335548400884,0.0,0.0,0.0,0.0
run_4_repetition_0,DONE,4096,DFT_cache,200,0.83815575,27.42944737,31629.89778646,58.823920211792,0.0,0.0,0.0,0.0
run_5_repetition_0,DONE,4096,DFT_lru_cache,200,0.83351636,26.06712113,31473.23958333,57.00250936889649,0.0,0.0,0.0,0.0
run_6_repetition_0,DONE,8192,DFT,200,2.6587384,23.53135606,32077.81197917,195.84280222320555,0.0,0.0,0.0,0.0
run_7_repetition_0,DONE,8192,DFT_cache,200,2.6587245,23.50508719,32074.26067708,193.49668881988526,0.0,0.0,0.0,0.0
run_8_repetition_0,DONE,8192,DFT_lru_cache,200,2.6552596,23.48678309,32149.77057292,193.77362419891358,0.0,0.0,0.0,0.0
