Delta,Time,CPU_FREQUENCY_0,CPU_FREQUENCY_1,CPU_FREQUENCY_10,CPU_FREQUENCY_11,CPU_FREQUENCY_12,CPU_FREQUENCY_13,CPU_FREQUENCY_14,CPU_FREQUENCY_15,CPU_FREQUENCY_2,CPU_FREQUENCY_3,CPU_FREQUENCY_4,CPU_FREQUENCY_5,CPU_FREQUENCY_6,CPU_FREQUENCY_7,CPU_FREQUENCY_8,CPU_FREQUENCY_9,CPU_TEMP_0,CPU_TEMP_1,CPU_TEMP_2,CPU_TEMP_3,CPU_TEMP_4,CPU_TEMP_5,CPU_TEMP_6,CPU_TEMP_7,CPU_USAGE_0,CPU_USAGE_1,CPU_USAGE_10,CPU_USAGE_11,CPU_USAGE_12,CPU_USAGE_13,CPU_USAGE_14,CPU_USAGE_15,CPU_USAGE_2,CPU_USAGE_3,CPU_USAGE_4,CPU_USAGE_5,CPU_USAGE_6,CPU_USAGE_7,CPU_USAGE_8,CPU_USAGE_9,SYSTEM_POWER (Watts),TOTAL_MEMORY,TOTAL_SWAP,USED_MEMORY,USED_SWAP
0,1729701849670,2400,2400,2400,2400,2400,2400,2400,2400,2400,2400,2400,2400,2400,2400,2400,2400,58,58,57,57,57,56,58,56,50,0,50,0,0,0,0,0,0,0,0,0,0,0,0,0,41.6669921875,68719476736,0,36927811584,0
201,1729701849670,2400,2400,2400,2400,2400,2400,2400,2400,2400,2400,2400,2400,2400,2400,2400,2400,58,58,57,57,57,56,58,56,100,0,0,0,0,0,0,0,100,0,0,0,0,0,0,0,41.6669921875,68719476736,0,36930031616,0
204,1729701849873,2400,2400,2400,2400,2400,2400,2400,2400,2400,2400,2400,2400,2400,2400,2400,2400,58,58,57,57,57,56,58,56,55,0,5,0,0,0,0,0,20,0,15.000000953674316,0,10,0,9.523809432983398,0,41.6669921875,68719476736,0,36936712192,0
15,1729701850078,2400,2400,2400,2400,2400,2400,2400,2400,2400,2400,2400,2400,2400,2400,2400,2400,62,59,60,59,58,57,58,57,33.333335876464844,0,9.523809432983398,0,5.263157844543457,0,5,0,23.809524536132813,0,10,0,15.000000953674316,0,9.523809432983398,0,38.80911636352539,68719476736,0,36926156800,0
