__run_id,__done,input_size,sampling_rate,cache_strategy,input_description,execution_time,execution_time_1,execution_time_2,average_cpu_usage,memory_usage,energy_consumption,dram_energy,package_energy,pp0_energy,pp1_energy
run_0_repetition_0,DONE,"(1, 2, 3, 4, 5)",200,generate_permutations,5 nums,3.808399196714163e-05,1.5929981600493193e-05,7.274968083947897e-06,11.83261204,27157.28385417,11.444686950683593,0.0,0.0,0.0,0.0
run_1_repetition_0,DONE,"(1, 2, 3, 4, 5)",200,generate_permutations_cache,5 nums,2.8316047973930836e-05,1.4384044334292412e-05,8.220085874199867e-07,10.56234342,27139.76822917,9.397364501953126,0.0,0.0,0.0,0.0
run_2_repetition_0,DONE,"(1, 2, 3, 4, 5)",200,generate_permutations_lru_cache,5 nums,2.9148999601602554e-05,1.531100133433938e-05,7.060007192194462e-07,18.30566019,27090.55078125,10.35147216796875,0.0,0.0,0.0,0.0
run_3_repetition_0,DONE,"(1, 2, 3, 4, 5, 6, 7, 8, 9, 10)",200,generate_permutations,10 nums,1.4051209850003943,0.7171525030280463,0.6879440639750101,15.19941929,27193.96796875,78.06503477478026,0.0,0.0,0.0,0.0
run_4_repetition_0,DONE,"(1, 2, 3, 4, 5, 6, 7, 8, 9, 10)",200,generate_permutations_cache,10 nums,0.5610476129804738,0.561023962975014,2.1500163711607456e-06,15.89341509,27207.66015625,48.154475612640375,0.0,0.0,0.0,0.0
run_5_repetition_0,DONE,"(1, 2, 3, 4, 5, 6, 7, 8, 9, 10)",200,generate_permutations_lru_cache,10 nums,0.5564302669954486,0.5564065150101669,1.8849968910217285e-06,14.63957209,27188.83816964,48.558827121734616,0.0,0.0,0.0,0.0
run_6_repetition_0,DONE,"(1, 2, 3, 4, 5, 6, 7, 8, 9, 10, 11, 12, 13, 14, 15)",200,generate_permutations,15 nums, , , ,12.64119313,33439.48035038,1331.5814313468925,0.0,0.0,0.0,0.0
run_7_repetition_0,DONE,"(1, 2, 3, 4, 5, 6, 7, 8, 9, 10, 11, 12, 13, 14, 15)",200,generate_permutations_cache,15 nums, , , ,13.50273173,32946.98370423,1308.2868583946229,0.0,0.0,0.0,0.0
run_8_repetition_0,DONE,"(1, 2, 3, 4, 5, 6, 7, 8, 9, 10, 11, 12, 13, 14, 15)",200,generate_permutations_lru_cache,15 nums, , , ,13.25564807,33110.23966225,1291.9052128257754,0.0,0.0,0.0,0.0
