Delta,Time,CPU_FREQUENCY_0,CPU_FREQUENCY_1,CPU_FREQUENCY_2,CPU_FREQUENCY_3,CPU_FREQUENCY_4,CPU_FREQUENCY_5,CPU_FREQUENCY_6,CPU_FREQUENCY_7,CPU_USAGE_0,CPU_USAGE_1,CPU_USAGE_2,CPU_USAGE_3,CPU_USAGE_4,CPU_USAGE_5,CPU_USAGE_6,CPU_USAGE_7,DRAM_ENERGY (J),PACKAGE_ENERGY (J),PP0_ENERGY (J),PP1_ENERGY (J),TOTAL_MEMORY,TOTAL_SWAP,USED_MEMORY,USED_SWAP
0,1727192169347,2396,2325,2401,2400,2399,2399,2400,2401,15.384615898132324,15.384615898132324,11.538461685180664,13.207547187805176,22.641510009765625,15.686275482177734,13.461539268493652,23.076923370361328,1569.6676635742188,11475.721801757813,6079.398986816406,195.58807373046875,16650326016,2147479552,4170768384,20140032
999,1727192169347,2396,2325,2401,2400,2399,2399,2400,2401,15.384615898132324,15.384615898132324,11.538461685180664,13.207547187805176,22.641510009765625,15.686275482177734,13.461539268493652,23.076923370361328,1569.6690673828125,11475.724731445313,6079.4002685546875,195.58807373046875,16650326016,2147479552,4170768384,20140032
0,1727192170347,2396,2325,2401,2400,2399,2399,2400,2401,16,17.171716690063477,19,28.282827377319336,16.1616153717041,16.831682205200195,16.1616153717041,15.841584205627441,1570.0213012695313,11481.390563964844,6083.712890625,195.59344482421875,16650326016,2147479552,4188155904,20140032
