Delta,Time,CPU_FREQUENCY_0,CPU_FREQUENCY_1,CPU_FREQUENCY_10,CPU_FREQUENCY_11,CPU_FREQUENCY_12,CPU_FREQUENCY_13,CPU_FREQUENCY_14,CPU_FREQUENCY_15,CPU_FREQUENCY_2,CPU_FREQUENCY_3,CPU_FREQUENCY_4,CPU_FREQUENCY_5,CPU_FREQUENCY_6,CPU_FREQUENCY_7,CPU_FREQUENCY_8,CPU_FREQUENCY_9,CPU_TEMP_0,CPU_TEMP_1,CPU_TEMP_2,CPU_TEMP_3,CPU_TEMP_4,CPU_TEMP_5,CPU_TEMP_6,CPU_TEMP_7,CPU_USAGE_0,CPU_USAGE_1,CPU_USAGE_10,CPU_USAGE_11,CPU_USAGE_12,CPU_USAGE_13,CPU_USAGE_14,CPU_USAGE_15,CPU_USAGE_2,CPU_USAGE_3,CPU_USAGE_4,CPU_USAGE_5,CPU_USAGE_6,CPU_USAGE_7,CPU_USAGE_8,CPU_USAGE_9,SYSTEM_POWER (Watts),TOTAL_MEMORY,TOTAL_SWAP,USED_MEMORY,USED_SWAP
0,1729785174208,2400,2400,2400,2400,2400,2400,2400,2400,2400,2400,2400,2400,2400,2400,2400,2400,65,65,66,66,69,64,65,63,0,0,50,0,0,0,50,0,66.66667175292969,0,50,0,50,0,0,0,45.77499771118164,68719476736,1073741824,29113204736,49020928
207,1729785174208,2400,2400,2400,2400,2400,2400,2400,2400,2400,2400,2400,2400,2400,2400,2400,2400,65,65,66,66,69,64,65,63,100,0,0,0,0,0,0,0,NaN,0,50,0,NaN,0,100,0,45.77499771118164,68719476736,1073741824,29114138624,49020928
11,1729785174416,2400,2400,2400,2400,2400,2400,2400,2400,2400,2400,2400,2400,2400,2400,2400,2400,76,76,78,79,78,77,79,77,85.71428680419922,55,81.81818389892578,61.904762268066406,77.2727279663086,66.66667175292969,76.19047546386719,60.000003814697266,85.71428680419922,60.000003814697266,85,55,80.95238494873047,61.904762268066406,80.95238494873047,61.904762268066406,45.77499771118164,68719476736,1073741824,29119832064,49020928
